pain_point,exact_language,source,frequency_score
Rising rents eating into profits,"I'm paying more in rent every year and getting nothing to show for it. Dead money.",Commercial Real Estate AU / Business forums,9
No warehouse stock available in right size,"There's literally nothing available to buy in the size range we need in the west",Property forums / Agent feedback,9
Priced out by big developers,"Every time we bid on something a developer swoops in and outbids us by 200k",Reddit AusFinance / Business forums,8
Scared of interest rates,"Interest rates make me nervous about committing to a purchase right now",Reddit AusProperty / Business owner forums,8
Lease expiring with no certainty,"Our lease is up in 12 months and the landlord wants a 30% increase or we're out",Small business forums / LinkedIn,9
Stuck renting but want to build equity,"Every month I pay rent I think — this could be going into my own asset",Commercial Real Estate AU articles,9
Need flexible space to grow,"We've outgrown our current space but can't find anything that lets us scale",Business owner interviews / Forums,8
Don't understand off-the-plan process,"I don't even know how buying off the plan works for commercial property",Google search trends / Forum questions,7
SMSF confusion for commercial property,"Can I actually buy a warehouse through my super? The rules seem complicated",AusFinance forums / Accountant blogs,8
Worried about hidden costs,"What are the actual total costs? Stamp duty council rates body corp — it adds up fast",Property buyer forums,8
Commute and location concerns,"I need something close to the freeway and port — Truganina ticks that box but is it too far west?",Google reviews / Forum posts,7
Fear of buying at the wrong time,"What if the market drops after I buy? Should I wait for rates to come down?",AusProperty forums / News comments,8
Tired of landlord controlling their space,"My landlord won't let me modify the space for my business needs. I want my own place.",Small business forums,8
Construction quality concerns off the plan,"How do I know the build quality will be good if I'm buying off plans and renders?",Property buyer forums / Whirlpool,7
Want to stop dead money going to rent,"Rent is dead money. I could be paying off my own warehouse for the same monthly cost.",LinkedIn posts / Business owner quotes,9
Need warehouse with office combo,"I need warehouse space with a proper office attached — hard to find that as a package",Commercial Real Estate searches,8
Tax and depreciation benefits unclear,"I heard you get better tax deductions buying new but my accountant hasn't explained it properly",AusFinance / Accountant forums,7
Worried about Truganina infrastructure,"Is the infrastructure keeping up with development out there? Roads parking services?",Local community forums / Google reviews,6
Want to own not rent for retirement,"I want to own the property so when I retire I can lease it out as passive income",Business owner interviews / SMSF forums,9
Cash flow concerns during construction,"If I buy off the plan when do I actually start paying? I can't afford rent AND a mortgage at the same time",Property buyer forums / Off-the-plan guides,8
